deal_id,month,amount,flow_category
D01,1,-20833333.33,INSURANCE_OUT
D01,2,-20789930.56,INSURANCE_OUT
D01,3,-20746527.78,INSURANCE_OUT
D01,4,-20703125.0,INSURANCE_OUT
D01,5,-20659722.22,INSURANCE_OUT
D01,6,-20616319.44,INSURANCE_OUT
D01,7,-20572916.67,INSURANCE_OUT
D01,8,-20529513.89,INSURANCE_OUT
D01,9,-20486111.11,INSURANCE_OUT
D01,10,-20442708.33,INSURANCE_OUT
D01,11,-20399305.56,INSURANCE_OUT
D01,12,-20355902.78,INSURANCE_OUT
D01,13,-20312500.0,INSURANCE_OUT
D01,14,-20269097.22,INSURANCE_OUT
D01,15,-20225694.44,INSURANCE_OUT
D01,16,-20182291.67,INSURANCE_OUT
D01,17,-20138888.89,INSURANCE_OUT
D01,18,-20095486.11,INSURANCE_OUT
D01,19,-20052083.33,INSURANCE_OUT
D01,20,-20008680.56,INSURANCE_OUT
D01,21,-19965277.78,INSURANCE_OUT
D01,22,-19921875.0,INSURANCE_OUT
D01,23,-19878472.22,INSURANCE_OUT
D01,24,-19835069.44,INSURANCE_OUT
D01,25,-19791666.67,INSURANCE_OUT
D01,26,-19748263.89,INSURANCE_OUT
D01,27,-19704861.11,INSURANCE_OUT
D01,28,-19661458.33,INSURANCE_OUT
D01,29,-19618055.56,INSURANCE_OUT
D01,30,-19574652.78,INSURANCE_OUT
D01,31,-19531250.0,INSURANCE_OUT
D01,32,-19487847.22,INSURANCE_OUT
D01,33,-19444444.44,INSURANCE_OUT
D01,34,-19401041.67,INSURANCE_OUT
D01,35,-19357638.89,INSURANCE_OUT
D01,36,-19314236.11,INSURANCE_OUT
D01,37,-19270833.33,INSURANCE_OUT
D01,38,-19227430.56,INSURANCE_OUT
D01,39,-19184027.78,INSURANCE_OUT
D01,40,-19140625.0,INSURANCE_OUT
D01,41,-19097222.22,INSURANCE_OUT
D01,42,-19053819.44,INSURANCE_OUT
D01,43,-19010416.67,INSURANCE_OUT
D01,44,-18967013.89,INSURANCE_OUT
D01,45,-18923611.11,INSURANCE_OUT
D01,46,-18880208.33,INSURANCE_OUT
D01,47,-18836805.56,INSURANCE_OUT
D01,48,-18793402.78,INSURANCE_OUT
D01,49,-18750000.0,INSURANCE_OUT
D01,50,-18706597.22,INSURANCE_OUT
D01,51,-18663194.44,INSURANCE_OUT
D01,52,-18619791.67,INSURANCE_OUT
D01,53,-18576388.89,INSURANCE_OUT
D01,54,-18532986.11,INSURANCE_OUT
D01,55,-18489583.33,INSURANCE_OUT
D01,56,-18446180.56,INSURANCE_OUT
D01,57,-18402777.78,INSURANCE_OUT
D01,58,-18359375.0,INSURANCE_OUT
D01,59,-18315972.22,INSURANCE_OUT
D01,60,-18272569.44,INSURANCE_OUT
D01,61,-18229166.67,INSURANCE_OUT
D01,62,-18185763.89,INSURANCE_OUT
D01,63,-18142361.11,INSURANCE_OUT
D01,64,-18098958.33,INSURANCE_OUT
D01,65,-18055555.56,INSURANCE_OUT
D01,66,-18012152.78,INSURANCE_OUT
D01,67,-17968750.0,INSURANCE_OUT
D01,68,-17925347.22,INSURANCE_OUT
D01,69,-17881944.44,INSURANCE_OUT
D01,70,-17838541.67,INSURANCE_OUT
D01,71,-17795138.89,INSURANCE_OUT
D01,72,-17751736.11,INSURANCE_OUT
D01,73,-17708333.33,INSURANCE_OUT
D01,74,-17664930.56,INSURANCE_OUT
D01,75,-17621527.78,INSURANCE_OUT
D01,76,-17578125.0,INSURANCE_OUT
D01,77,-17534722.22,INSURANCE_OUT
D01,78,-17491319.44,INSURANCE_OUT
D01,79,-17447916.67,INSURANCE_OUT
D01,80,-17404513.89,INSURANCE_OUT
D01,81,-17361111.11,INSURANCE_OUT
D01,82,-17317708.33,INSURANCE_OUT
D01,83,-17274305.56,INSURANCE_OUT
D01,84,-17230902.78,INSURANCE_OUT
D01,85,-17187500.0,INSURANCE_OUT
D01,86,-17144097.22,INSURANCE_OUT
D01,87,-17100694.44,INSURANCE_OUT
D01,88,-17057291.67,INSURANCE_OUT
D01,89,-17013888.89,INSURANCE_OUT
D01,90,-16970486.11,INSURANCE_OUT
D01,91,-16927083.33,INSURANCE_OUT
D01,92,-16883680.56,INSURANCE_OUT
D01,93,-16840277.78,INSURANCE_OUT
D01,94,-16796875.0,INSURANCE_OUT
D01,95,-16753472.22,INSURANCE_OUT
D01,96,-16710069.44,INSURANCE_OUT
D01,97,-16666666.67,INSURANCE_OUT
D01,98,-16623263.89,INSURANCE_OUT
D01,99,-16579861.11,INSURANCE_OUT
D01,100,-16536458.33,INSURANCE_OUT
D01,101,-16493055.56,INSURANCE_OUT
D01,102,-16449652.78,INSURANCE_OUT
D01,103,-16406250.0,INSURANCE_OUT
D01,104,-16362847.22,INSURANCE_OUT
D01,105,-16319444.44,INSURANCE_OUT
D01,106,-16276041.67,INSURANCE_OUT
D01,107,-16232638.89,INSURANCE_OUT
D01,108,-16189236.11,INSURANCE_OUT
D01,109,-16145833.33,INSURANCE_OUT
D01,110,-16102430.56,INSURANCE_OUT
D01,111,-16059027.78,INSURANCE_OUT
D01,112,-16015625.0,INSURANCE_OUT
D01,113,-15972222.22,INSURANCE_OUT
D01,114,-15928819.44,INSURANCE_OUT
D01,115,-15885416.67,INSURANCE_OUT
D01,116,-15842013.89,INSURANCE_OUT
D01,117,-15798611.11,INSURANCE_OUT
D01,118,-15755208.33,INSURANCE_OUT
D01,119,-15711805.56,INSURANCE_OUT
D01,120,-15668402.78,INSURANCE_OUT
D01,121,-15625000.0,INSURANCE_OUT
D01,122,-15581597.22,INSURANCE_OUT
D01,123,-15538194.44,INSURANCE_OUT
D01,124,-15494791.67,INSURANCE_OUT
D01,125,-15451388.89,INSURANCE_OUT
D01,126,-15407986.11,INSURANCE_OUT
D01,127,-15364583.33,INSURANCE_OUT
D01,128,-15321180.56,INSURANCE_OUT
D01,129,-15277777.78,INSURANCE_OUT
D01,130,-15234375.0,INSURANCE_OUT
D01,131,-15190972.22,INSURANCE_OUT
D01,132,-15147569.44,INSURANCE_OUT
D01,133,-15104166.67,INSURANCE_OUT
D01,134,-15060763.89,INSURANCE_OUT
D01,135,-15017361.11,INSURANCE_OUT
D01,136,-14973958.33,INSURANCE_OUT
D01,137,-14930555.56,INSURANCE_OUT
D01,138,-14887152.78,INSURANCE_OUT
D01,139,-14843750.0,INSURANCE_OUT
D01,140,-14800347.22,INSURANCE_OUT
D01,141,-14756944.44,INSURANCE_OUT
D01,142,-14713541.67,INSURANCE_OUT
D01,143,-14670138.89,INSURANCE_OUT
D01,144,-14626736.11,INSURANCE_OUT
D01,145,-14583333.33,INSURANCE_OUT
D01,146,-14539930.56,INSURANCE_OUT
D01,147,-14496527.78,INSURANCE_OUT
D01,148,-14453125.0,INSURANCE_OUT
D01,149,-14409722.22,INSURANCE_OUT
D01,150,-14366319.44,INSURANCE_OUT
D01,151,-14322916.67,INSURANCE_OUT
D01,152,-14279513.89,INSURANCE_OUT
D01,153,-14236111.11,INSURANCE_OUT
D01,154,-14192708.33,INSURANCE_OUT
D01,155,-14149305.56,INSURANCE_OUT
D01,156,-14105902.78,INSURANCE_OUT
D01,157,-14062500.0,INSURANCE_OUT
D01,158,-14019097.22,INSURANCE_OUT
D01,159,-13975694.44,INSURANCE_OUT
D01,160,-13932291.67,INSURANCE_OUT
D01,161,-13888888.89,INSURANCE_OUT
D01,162,-13845486.11,INSURANCE_OUT
D01,163,-13802083.33,INSURANCE_OUT
D01,164,-13758680.56,INSURANCE_OUT
D01,165,-13715277.78,INSURANCE_OUT
D01,166,-13671875.0,INSURANCE_OUT
D01,167,-13628472.22,INSURANCE_OUT
D01,168,-13585069.44,INSURANCE_OUT
D01,169,-13541666.67,INSURANCE_OUT
D01,170,-13498263.89,INSURANCE_OUT
D01,171,-13454861.11,INSURANCE_OUT
D01,172,-13411458.33,INSURANCE_OUT
D01,173,-13368055.56,INSURANCE_OUT
D01,174,-13324652.78,INSURANCE_OUT
D01,175,-13281250.0,INSURANCE_OUT
D01,176,-13237847.22,INSURANCE_OUT
D01,177,-13194444.44,INSURANCE_OUT
D01,178,-13151041.67,INSURANCE_OUT
D01,179,-13107638.89,INSURANCE_OUT
D01,180,-13064236.11,INSURANCE_OUT
D01,181,-13020833.33,INSURANCE_OUT
D01,182,-12977430.56,INSURANCE_OUT
D01,183,-12934027.78,INSURANCE_OUT
D01,184,-12890625.0,INSURANCE_OUT
D01,185,-12847222.22,INSURANCE_OUT
D01,186,-12803819.44,INSURANCE_OUT
D01,187,-12760416.67,INSURANCE_OUT
D01,188,-12717013.89,INSURANCE_OUT
D01,189,-12673611.11,INSURANCE_OUT
D01,190,-12630208.33,INSURANCE_OUT
D01,191,-12586805.56,INSURANCE_OUT
D01,192,-12543402.78,INSURANCE_OUT
D01,193,-12500000.0,INSURANCE_OUT
D01,194,-12456597.22,INSURANCE_OUT
D01,195,-12413194.44,INSURANCE_OUT
D01,196,-12369791.67,INSURANCE_OUT
D01,197,-12326388.89,INSURANCE_OUT
D01,198,-12282986.11,INSURANCE_OUT
D01,199,-12239583.33,INSURANCE_OUT
D01,200,-12196180.56,INSURANCE_OUT
D01,201,-12152777.78,INSURANCE_OUT
D01,202,-12109375.0,INSURANCE_OUT
D01,203,-12065972.22,INSURANCE_OUT
D01,204,-12022569.44,INSURANCE_OUT
D01,205,-11979166.67,INSURANCE_OUT
D01,206,-11935763.89,INSURANCE_OUT
D01,207,-11892361.11,INSURANCE_OUT
D01,208,-11848958.33,INSURANCE_OUT
D01,209,-11805555.56,INSURANCE_OUT
D01,210,-11762152.78,INSURANCE_OUT
D01,211,-11718750.0,INSURANCE_OUT
D01,212,-11675347.22,INSURANCE_OUT
D01,213,-11631944.44,INSURANCE_OUT
D01,214,-11588541.67,INSURANCE_OUT
D01,215,-11545138.89,INSURANCE_OUT
D01,216,-11501736.11,INSURANCE_OUT
D01,217,-11458333.33,INSURANCE_OUT
D01,218,-11414930.56,INSURANCE_OUT
D01,219,-11371527.78,INSURANCE_OUT
D01,220,-11328125.0,INSURANCE_OUT
D01,221,-11284722.22,INSURANCE_OUT
D01,222,-11241319.44,INSURANCE_OUT
D01,223,-11197916.67,INSURANCE_OUT
D01,224,-11154513.89,INSURANCE_OUT
D01,225,-11111111.11,INSURANCE_OUT
D01,226,-11067708.33,INSURANCE_OUT
D01,227,-11024305.56,INSURANCE_OUT
D01,228,-10980902.78,INSURANCE_OUT
D01,229,-10937500.0,INSURANCE_OUT
D01,230,-10894097.22,INSURANCE_OUT
D01,231,-10850694.44,INSURANCE_OUT
D01,232,-10807291.67,INSURANCE_OUT
D01,233,-10763888.89,INSURANCE_OUT
D01,234,-10720486.11,INSURANCE_OUT
D01,235,-10677083.33,INSURANCE_OUT
D01,236,-10633680.56,INSURANCE_OUT
D01,237,-10590277.78,INSURANCE_OUT
D01,238,-10546875.0,INSURANCE_OUT
D01,239,-10503472.22,INSURANCE_OUT
D01,240,-10460069.44,INSURANCE_OUT
D01,241,-10416666.67,INSURANCE_OUT
D01,242,-10373263.89,INSURANCE_OUT
D01,243,-10329861.11,INSURANCE_OUT
D01,244,-10286458.33,INSURANCE_OUT
D01,245,-10243055.56,INSURANCE_OUT
D01,246,-10199652.78,INSURANCE_OUT
D01,247,-10156250.0,INSURANCE_OUT
D01,248,-10112847.22,INSURANCE_OUT
D01,249,-10069444.44,INSURANCE_OUT
D01,250,-10026041.67,INSURANCE_OUT
D01,251,-9982638.89,INSURANCE_OUT
D01,252,-9939236.11,INSURANCE_OUT
D01,253,-9895833.33,INSURANCE_OUT
D01,254,-9852430.56,INSURANCE_OUT
D01,255,-9809027.78,INSURANCE_OUT
D01,256,-9765625.0,INSURANCE_OUT
D01,257,-9722222.22,INSURANCE_OUT
D01,258,-9678819.44,INSURANCE_OUT
D01,259,-9635416.67,INSURANCE_OUT
D01,260,-9592013.89,INSURANCE_OUT
D01,261,-9548611.11,INSURANCE_OUT
D01,262,-9505208.33,INSURANCE_OUT
D01,263,-9461805.56,INSURANCE_OUT
D01,264,-9418402.78,INSURANCE_OUT
D01,265,-9375000.0,INSURANCE_OUT
D01,266,-9331597.22,INSURANCE_OUT
D01,267,-9288194.44,INSURANCE_OUT
D01,268,-9244791.67,INSURANCE_OUT
D01,269,-9201388.89,INSURANCE_OUT
D01,270,-9157986.11,INSURANCE_OUT
D01,271,-9114583.33,INSURANCE_OUT
D01,272,-9071180.56,INSURANCE_OUT
D01,273,-9027777.78,INSURANCE_OUT
D01,274,-8984375.0,INSURANCE_OUT
D01,275,-8940972.22,INSURANCE_OUT
D01,276,-8897569.44,INSURANCE_OUT
D01,277,-8854166.67,INSURANCE_OUT
D01,278,-8810763.89,INSURANCE_OUT
D01,279,-8767361.11,INSURANCE_OUT
D01,280,-8723958.33,INSURANCE_OUT
D01,281,-8680555.56,INSURANCE_OUT
D01,282,-8637152.78,INSURANCE_OUT
D01,283,-8593750.0,INSURANCE_OUT
D01,284,-8550347.22,INSURANCE_OUT
D01,285,-8506944.44,INSURANCE_OUT
D01,286,-8463541.67,INSURANCE_OUT
D01,287,-8420138.89,INSURANCE_OUT
D01,288,-8376736.11,INSURANCE_OUT
D01,289,-8333333.33,INSURANCE_OUT
D01,290,-8289930.56,INSURANCE_OUT
D01,291,-8246527.78,INSURANCE_OUT
D01,292,-8203125.0,INSURANCE_OUT
D01,293,-8159722.22,INSURANCE_OUT
D01,294,-8116319.44,INSURANCE_OUT
D01,295,-8072916.67,INSURANCE_OUT
D01,296,-8029513.89,INSURANCE_OUT
D01,297,-7986111.11,INSURANCE_OUT
D01,298,-7942708.33,INSURANCE_OUT
D01,299,-7899305.56,INSURANCE_OUT
D01,300,-7855902.78,INSURANCE_OUT
D01,301,-7812500.0,INSURANCE_OUT
D01,302,-7769097.22,INSURANCE_OUT
D01,303,-7725694.44,INSURANCE_OUT
D01,304,-7682291.67,INSURANCE_OUT
D01,305,-7638888.89,INSURANCE_OUT
D01,306,-7595486.11,INSURANCE_OUT
D01,307,-7552083.33,INSURANCE_OUT
D01,308,-7508680.56,INSURANCE_OUT
D01,309,-7465277.78,INSURANCE_OUT
D01,310,-7421875.0,INSURANCE_OUT
D01,311,-7378472.22,INSURANCE_OUT
D01,312,-7335069.44,INSURANCE_OUT
D01,313,-7291666.67,INSURANCE_OUT
D01,314,-7248263.89,INSURANCE_OUT
D01,315,-7204861.11,INSURANCE_OUT
D01,316,-7161458.33,INSURANCE_OUT
D01,317,-7118055.56,INSURANCE_OUT
D01,318,-7074652.78,INSURANCE_OUT
D01,319,-7031250.0,INSURANCE_OUT
D01,320,-6987847.22,INSURANCE_OUT
D01,321,-6944444.44,INSURANCE_OUT
D01,322,-6901041.67,INSURANCE_OUT
D01,323,-6857638.89,INSURANCE_OUT
D01,324,-6814236.11,INSURANCE_OUT
D01,325,-6770833.33,INSURANCE_OUT
D01,326,-6727430.56,INSURANCE_OUT
D01,327,-6684027.78,INSURANCE_OUT
D01,328,-6640625.0,INSURANCE_OUT
D01,329,-6597222.22,INSURANCE_OUT
D01,330,-6553819.44,INSURANCE_OUT
D01,331,-6510416.67,INSURANCE_OUT
D01,332,-6467013.89,INSURANCE_OUT
D01,333,-6423611.11,INSURANCE_OUT
D01,334,-6380208.33,INSURANCE_OUT
D01,335,-6336805.56,INSURANCE_OUT
D01,336,-6293402.78,INSURANCE_OUT
D01,337,-6250000.0,INSURANCE_OUT
D01,338,-6206597.22,INSURANCE_OUT
D01,339,-6163194.44,INSURANCE_OUT
D01,340,-6119791.67,INSURANCE_OUT
D01,341,-6076388.89,INSURANCE_OUT
D01,342,-6032986.11,INSURANCE_OUT
D01,343,-5989583.33,INSURANCE_OUT
D01,344,-5946180.56,INSURANCE_OUT
D01,345,-5902777.78,INSURANCE_OUT
D01,346,-5859375.0,INSURANCE_OUT
D01,347,-5815972.22,INSURANCE_OUT
D01,348,-5772569.44,INSURANCE_OUT
D01,349,-5729166.67,INSURANCE_OUT
D01,350,-5685763.89,INSURANCE_OUT
D01,351,-5642361.11,INSURANCE_OUT
D01,352,-5598958.33,INSURANCE_OUT
D01,353,-5555555.56,INSURANCE_OUT
D01,354,-5512152.78,INSURANCE_OUT
D01,355,-5468750.0,INSURANCE_OUT
D01,356,-5425347.22,INSURANCE_OUT
D01,357,-5381944.44,INSURANCE_OUT
D01,358,-5338541.67,INSURANCE_OUT
D01,359,-5295138.89,INSURANCE_OUT
D01,360,-5251736.11,INSURANCE_OUT
D01,361,-5208333.33,INSURANCE_OUT
D01,362,-5164930.56,INSURANCE_OUT
D01,363,-5121527.78,INSURANCE_OUT
D01,364,-5078125.0,INSURANCE_OUT
D01,365,-5034722.22,INSURANCE_OUT
D01,366,-4991319.44,INSURANCE_OUT
D01,367,-4947916.67,INSURANCE_OUT
D01,368,-4904513.89,INSURANCE_OUT
D01,369,-4861111.11,INSURANCE_OUT
D01,370,-4817708.33,INSURANCE_OUT
D01,371,-4774305.56,INSURANCE_OUT
D01,372,-4730902.78,INSURANCE_OUT
D01,373,-4687500.0,INSURANCE_OUT
D01,374,-4644097.22,INSURANCE_OUT
D01,375,-4600694.44,INSURANCE_OUT
D01,376,-4557291.67,INSURANCE_OUT
D01,377,-4513888.89,INSURANCE_OUT
D01,378,-4470486.11,INSURANCE_OUT
D01,379,-4427083.33,INSURANCE_OUT
D01,380,-4383680.56,INSURANCE_OUT
D01,381,-4340277.78,INSURANCE_OUT
D01,382,-4296875.0,INSURANCE_OUT
D01,383,-4253472.22,INSURANCE_OUT
D01,384,-4210069.44,INSURANCE_OUT
D01,385,-4166666.67,INSURANCE_OUT
D01,386,-4123263.89,INSURANCE_OUT
D01,387,-4079861.11,INSURANCE_OUT
D01,388,-4036458.33,INSURANCE_OUT
D01,389,-3993055.56,INSURANCE_OUT
D01,390,-3949652.78,INSURANCE_OUT
D01,391,-3906250.0,INSURANCE_OUT
D01,392,-3862847.22,INSURANCE_OUT
D01,393,-3819444.44,INSURANCE_OUT
D01,394,-3776041.67,INSURANCE_OUT
D01,395,-3732638.89,INSURANCE_OUT
D01,396,-3689236.11,INSURANCE_OUT
D01,397,-3645833.33,INSURANCE_OUT
D01,398,-3602430.56,INSURANCE_OUT
D01,399,-3559027.78,INSURANCE_OUT
D01,400,-3515625.0,INSURANCE_OUT
D01,401,-3472222.22,INSURANCE_OUT
D01,402,-3428819.44,INSURANCE_OUT
D01,403,-3385416.67,INSURANCE_OUT
D01,404,-3342013.89,INSURANCE_OUT
D01,405,-3298611.11,INSURANCE_OUT
D01,406,-3255208.33,INSURANCE_OUT
D01,407,-3211805.56,INSURANCE_OUT
D01,408,-3168402.78,INSURANCE_OUT
D01,409,-3125000.0,INSURANCE_OUT
D01,410,-3081597.22,INSURANCE_OUT
D01,411,-3038194.44,INSURANCE_OUT
D01,412,-2994791.67,INSURANCE_OUT
D01,413,-2951388.89,INSURANCE_OUT
D01,414,-2907986.11,INSURANCE_OUT
D01,415,-2864583.33,INSURANCE_OUT
D01,416,-2821180.56,INSURANCE_OUT
D01,417,-2777777.78,INSURANCE_OUT
D01,418,-2734375.0,INSURANCE_OUT
D01,419,-2690972.22,INSURANCE_OUT
D01,420,-2647569.44,INSURANCE_OUT
D01,421,-2604166.67,INSURANCE_OUT
D01,422,-2560763.89,INSURANCE_OUT
D01,423,-2517361.11,INSURANCE_OUT
D01,424,-2473958.33,INSURANCE_OUT
D01,425,-2430555.56,INSURANCE_OUT
D01,426,-2387152.78,INSURANCE_OUT
D01,427,-2343750.0,INSURANCE_OUT
D01,428,-2300347.22,INSURANCE_OUT
D01,429,-2256944.44,INSURANCE_OUT
D01,430,-2213541.67,INSURANCE_OUT
D01,431,-2170138.89,INSURANCE_OUT
D01,432,-2126736.11,INSURANCE_OUT
D01,433,-2083333.33,INSURANCE_OUT
D01,434,-2039930.56,INSURANCE_OUT
D01,435,-1996527.78,INSURANCE_OUT
D01,436,-1953125.0,INSURANCE_OUT
D01,437,-1909722.22,INSURANCE_OUT
D01,438,-1866319.44,INSURANCE_OUT
D01,439,-1822916.67,INSURANCE_OUT
D01,440,-1779513.89,INSURANCE_OUT
D01,441,-1736111.11,INSURANCE_OUT
D01,442,-1692708.33,INSURANCE_OUT
D01,443,-1649305.56,INSURANCE_OUT
D01,444,-1605902.78,INSURANCE_OUT
D01,445,-1562500.0,INSURANCE_OUT
D01,446,-1519097.22,INSURANCE_OUT
D01,447,-1475694.44,INSURANCE_OUT
D01,448,-1432291.67,INSURANCE_OUT
D01,449,-1388888.89,INSURANCE_OUT
D01,450,-1345486.11,INSURANCE_OUT
D01,451,-1302083.33,INSURANCE_OUT
D01,452,-1258680.56,INSURANCE_OUT
D01,453,-1215277.78,INSURANCE_OUT
D01,454,-1171875.0,INSURANCE_OUT
D01,455,-1128472.22,INSURANCE_OUT
D01,456,-1085069.44,INSURANCE_OUT
D01,457,-1041666.67,INSURANCE_OUT
D01,458,-998263.89,INSURANCE_OUT
D01,459,-954861.11,INSURANCE_OUT
D01,460,-911458.33,INSURANCE_OUT
D01,461,-868055.56,INSURANCE_OUT
D01,462,-824652.78,INSURANCE_OUT
D01,463,-781250.0,INSURANCE_OUT
D01,464,-737847.22,INSURANCE_OUT
D01,465,-694444.44,INSURANCE_OUT
D01,466,-651041.67,INSURANCE_OUT
D01,467,-607638.89,INSURANCE_OUT
D01,468,-564236.11,INSURANCE_OUT
D01,469,-520833.33,INSURANCE_OUT
D01,470,-477430.56,INSURANCE_OUT
D01,471,-434027.78,INSURANCE_OUT
D01,472,-390625.0,INSURANCE_OUT
D01,473,-347222.22,INSURANCE_OUT
D01,474,-303819.44,INSURANCE_OUT
D01,475,-260416.67,INSURANCE_OUT
D01,476,-217013.89,INSURANCE_OUT
D01,477,-173611.11,INSURANCE_OUT
D01,478,-130208.33,INSURANCE_OUT
D01,479,-86805.56,INSURANCE_OUT
D01,480,-43402.78,INSURANCE_OUT
D02,6,70000000.0,ASSET_IN
D02,12,70000000.0,ASSET_IN
D02,18,70000000.0,ASSET_IN
D02,24,70000000.0,ASSET_IN
D02,30,70000000.0,ASSET_IN
D02,36,70000000.0,ASSET_IN
D02,42,70000000.0,ASSET_IN
D02,48,70000000.0,ASSET_IN
D02,54,70000000.0,ASSET_IN
D02,60,70000000.0,ASSET_IN
D02,66,70000000.0,ASSET_IN
D02,72,70000000.0,ASSET_IN
D02,78,70000000.0,ASSET_IN
D02,84,70000000.0,ASSET_IN
D02,90,70000000.0,ASSET_IN
D02,96,70000000.0,ASSET_IN
D02,102,70000000.0,ASSET_IN
D02,108,70000000.0,ASSET_IN
D02,114,70000000.0,ASSET_IN
D02,120,70000000.0,ASSET_IN
D02,126,70000000.0,ASSET_IN
D02,132,70000000.0,ASSET_IN
D02,138,70000000.0,ASSET_IN
D02,144,70000000.0,ASSET_IN
D02,150,70000000.0,ASSET_IN
D02,156,70000000.0,ASSET_IN
D02,162,70000000.0,ASSET_IN
D02,168,70000000.0,ASSET_IN
D02,174,70000000.0,ASSET_IN
D02,180,70000000.0,ASSET_IN
D02,186,70000000.0,ASSET_IN
D02,192,70000000.0,ASSET_IN
D02,198,70000000.0,ASSET_IN
D02,204,70000000.0,ASSET_IN
D02,210,70000000.0,ASSET_IN
D02,216,70000000.0,ASSET_IN
D02,222,70000000.0,ASSET_IN
D02,228,70000000.0,ASSET_IN
D02,234,70000000.0,ASSET_IN
D02,240,70000000.0,ASSET_IN
D02,246,70000000.0,ASSET_IN
D02,252,70000000.0,ASSET_IN
D02,258,70000000.0,ASSET_IN
D02,264,70000000.0,ASSET_IN
D02,270,70000000.0,ASSET_IN
D02,276,70000000.0,ASSET_IN
D02,282,70000000.0,ASSET_IN
D02,288,70000000.0,ASSET_IN
D02,294,70000000.0,ASSET_IN
D02,300,70000000.0,ASSET_IN
D02,306,70000000.0,ASSET_IN
D02,312,70000000.0,ASSET_IN
D02,318,70000000.0,ASSET_IN
D02,324,70000000.0,ASSET_IN
D02,330,70000000.0,ASSET_IN
D02,336,70000000.0,ASSET_IN
D02,342,70000000.0,ASSET_IN
D02,348,70000000.0,ASSET_IN
D02,354,70000000.0,ASSET_IN
D02,360,70000000.0,ASSET_IN
D02,366,70000000.0,ASSET_IN
D02,372,70000000.0,ASSET_IN
D02,378,70000000.0,ASSET_IN
D02,384,70000000.0,ASSET_IN
D02,390,70000000.0,ASSET_IN
D02,396,70000000.0,ASSET_IN
D02,402,70000000.0,ASSET_IN
D02,408,70000000.0,ASSET_IN
D02,414,70000000.0,ASSET_IN
D02,420,70000000.0,ASSET_IN
D02,426,70000000.0,ASSET_IN
D02,432,70000000.0,ASSET_IN
D02,438,70000000.0,ASSET_IN
D02,444,70000000.0,ASSET_IN
D02,450,70000000.0,ASSET_IN
D02,456,70000000.0,ASSET_IN
D02,462,70000000.0,ASSET_IN
D02,468,70000000.0,ASSET_IN
D02,474,70000000.0,ASSET_IN
D02,480,3570000000.0,ASSET_IN
D03,6,33750000.0,ASSET_IN
D03,12,33750000.0,ASSET_IN
D03,18,33750000.0,ASSET_IN
D03,24,33750000.0,ASSET_IN
D03,30,33750000.0,ASSET_IN
D03,36,33750000.0,ASSET_IN
D03,42,33750000.0,ASSET_IN
D03,48,33750000.0,ASSET_IN
D03,54,33750000.0,ASSET_IN
D03,60,33750000.0,ASSET_IN
D03,66,33750000.0,ASSET_IN
D03,72,33750000.0,ASSET_IN
D03,78,33750000.0,ASSET_IN
D03,84,33750000.0,ASSET_IN
D03,90,33750000.0,ASSET_IN
D03,96,33750000.0,ASSET_IN
D03,102,33750000.0,ASSET_IN
D03,108,33750000.0,ASSET_IN
D03,114,33750000.0,ASSET_IN
D03,120,33750000.0,ASSET_IN
D03,126,33750000.0,ASSET_IN
D03,132,33750000.0,ASSET_IN
D03,138,33750000.0,ASSET_IN
D03,144,33750000.0,ASSET_IN
D03,150,33750000.0,ASSET_IN
D03,156,33750000.0,ASSET_IN
D03,162,33750000.0,ASSET_IN
D03,168,33750000.0,ASSET_IN
D03,174,33750000.0,ASSET_IN
D03,180,33750000.0,ASSET_IN
D03,186,33750000.0,ASSET_IN
D03,192,33750000.0,ASSET_IN
D03,198,33750000.0,ASSET_IN
D03,204,33750000.0,ASSET_IN
D03,210,33750000.0,ASSET_IN
D03,216,33750000.0,ASSET_IN
D03,222,33750000.0,ASSET_IN
D03,228,33750000.0,ASSET_IN
D03,234,33750000.0,ASSET_IN
D03,240,33750000.0,ASSET_IN
D03,246,33750000.0,ASSET_IN
D03,252,33750000.0,ASSET_IN
D03,258,33750000.0,ASSET_IN
D03,264,33750000.0,ASSET_IN
D03,270,33750000.0,ASSET_IN
D03,276,33750000.0,ASSET_IN
D03,282,33750000.0,ASSET_IN
D03,288,33750000.0,ASSET_IN
D03,294,33750000.0,ASSET_IN
D03,300,1533750000.0,ASSET_IN
D06,1,800000000.0,REPO_IN
D06,3,-809000000.0,REPO_OUT
D08,1,-19047619.05,INSURANCE_OUT
D08,2,-19002267.57,INSURANCE_OUT
D08,3,-18956916.1,INSURANCE_OUT
D08,4,-18911564.63,INSURANCE_OUT
D08,5,-18866213.15,INSURANCE_OUT
D08,6,-18820861.68,INSURANCE_OUT
D08,7,-18775510.2,INSURANCE_OUT
D08,8,-18730158.73,INSURANCE_OUT
D08,9,-18684807.26,INSURANCE_OUT
D08,10,-18639455.78,INSURANCE_OUT
D08,11,-18594104.31,INSURANCE_OUT
D08,12,-18548752.83,INSURANCE_OUT
D08,13,-18503401.36,INSURANCE_OUT
D08,14,-18458049.89,INSURANCE_OUT
D08,15,-18412698.41,INSURANCE_OUT
D08,16,-18367346.94,INSURANCE_OUT
D08,17,-18321995.46,INSURANCE_OUT
D08,18,-18276643.99,INSURANCE_OUT
D08,19,-18231292.52,INSURANCE_OUT
D08,20,-18185941.04,INSURANCE_OUT
D08,21,-18140589.57,INSURANCE_OUT
D08,22,-18095238.1,INSURANCE_OUT
D08,23,-18049886.62,INSURANCE_OUT
D08,24,-18004535.15,INSURANCE_OUT
D08,25,-17959183.67,INSURANCE_OUT
D08,26,-17913832.2,INSURANCE_OUT
D08,27,-17868480.73,INSURANCE_OUT
D08,28,-17823129.25,INSURANCE_OUT
D08,29,-17777777.78,INSURANCE_OUT
D08,30,-17732426.3,INSURANCE_OUT
D08,31,-17687074.83,INSURANCE_OUT
D08,32,-17641723.36,INSURANCE_OUT
D08,33,-17596371.88,INSURANCE_OUT
D08,34,-17551020.41,INSURANCE_OUT
D08,35,-17505668.93,INSURANCE_OUT
D08,36,-17460317.46,INSURANCE_OUT
D08,37,-17414965.99,INSURANCE_OUT
D08,38,-17369614.51,INSURANCE_OUT
D08,39,-17324263.04,INSURANCE_OUT
D08,40,-17278911.56,INSURANCE_OUT
D08,41,-17233560.09,INSURANCE_OUT
D08,42,-17188208.62,INSURANCE_OUT
D08,43,-17142857.14,INSURANCE_OUT
D08,44,-17097505.67,INSURANCE_OUT
D08,45,-17052154.2,INSURANCE_OUT
D08,46,-17006802.72,INSURANCE_OUT
D08,47,-16961451.25,INSURANCE_OUT
D08,48,-16916099.77,INSURANCE_OUT
D08,49,-16870748.3,INSURANCE_OUT
D08,50,-16825396.83,INSURANCE_OUT
D08,51,-16780045.35,INSURANCE_OUT
D08,52,-16734693.88,INSURANCE_OUT
D08,53,-16689342.4,INSURANCE_OUT
D08,54,-16643990.93,INSURANCE_OUT
D08,55,-16598639.46,INSURANCE_OUT
D08,56,-16553287.98,INSURANCE_OUT
D08,57,-16507936.51,INSURANCE_OUT
D08,58,-16462585.03,INSURANCE_OUT
D08,59,-16417233.56,INSURANCE_OUT
D08,60,-16371882.09,INSURANCE_OUT
D08,61,-16326530.61,INSURANCE_OUT
D08,62,-16281179.14,INSURANCE_OUT
D08,63,-16235827.66,INSURANCE_OUT
D08,64,-16190476.19,INSURANCE_OUT
D08,65,-16145124.72,INSURANCE_OUT
D08,66,-16099773.24,INSURANCE_OUT
D08,67,-16054421.77,INSURANCE_OUT
D08,68,-16009070.29,INSURANCE_OUT
D08,69,-15963718.82,INSURANCE_OUT
D08,70,-15918367.35,INSURANCE_OUT
D08,71,-15873015.87,INSURANCE_OUT
D08,72,-15827664.4,INSURANCE_OUT
D08,73,-15782312.93,INSURANCE_OUT
D08,74,-15736961.45,INSURANCE_OUT
D08,75,-15691609.98,INSURANCE_OUT
D08,76,-15646258.5,INSURANCE_OUT
D08,77,-15600907.03,INSURANCE_OUT
D08,78,-15555555.56,INSURANCE_OUT
D08,79,-15510204.08,INSURANCE_OUT
D08,80,-15464852.61,INSURANCE_OUT
D08,81,-15419501.13,INSURANCE_OUT
D08,82,-15374149.66,INSURANCE_OUT
D08,83,-15328798.19,INSURANCE_OUT
D08,84,-15283446.71,INSURANCE_OUT
D08,85,-15238095.24,INSURANCE_OUT
D08,86,-15192743.76,INSURANCE_OUT
D08,87,-15147392.29,INSURANCE_OUT
D08,88,-15102040.82,INSURANCE_OUT
D08,89,-15056689.34,INSURANCE_OUT
D08,90,-15011337.87,INSURANCE_OUT
D08,91,-14965986.39,INSURANCE_OUT
D08,92,-14920634.92,INSURANCE_OUT
D08,93,-14875283.45,INSURANCE_OUT
D08,94,-14829931.97,INSURANCE_OUT
D08,95,-14784580.5,INSURANCE_OUT
D08,96,-14739229.02,INSURANCE_OUT
D08,97,-14693877.55,INSURANCE_OUT
D08,98,-14648526.08,INSURANCE_OUT
D08,99,-14603174.6,INSURANCE_OUT
D08,100,-14557823.13,INSURANCE_OUT
D08,101,-14512471.66,INSURANCE_OUT
D08,102,-14467120.18,INSURANCE_OUT
D08,103,-14421768.71,INSURANCE_OUT
D08,104,-14376417.23,INSURANCE_OUT
D08,105,-14331065.76,INSURANCE_OUT
D08,106,-14285714.29,INSURANCE_OUT
D08,107,-14240362.81,INSURANCE_OUT
D08,108,-14195011.34,INSURANCE_OUT
D08,109,-14149659.86,INSURANCE_OUT
D08,110,-14104308.39,INSURANCE_OUT
D08,111,-14058956.92,INSURANCE_OUT
D08,112,-14013605.44,INSURANCE_OUT
D08,113,-13968253.97,INSURANCE_OUT
D08,114,-13922902.49,INSURANCE_OUT
D08,115,-13877551.02,INSURANCE_OUT
D08,116,-13832199.55,INSURANCE_OUT
D08,117,-13786848.07,INSURANCE_OUT
D08,118,-13741496.6,INSURANCE_OUT
D08,119,-13696145.12,INSURANCE_OUT
D08,120,-13650793.65,INSURANCE_OUT
D08,121,-13605442.18,INSURANCE_OUT
D08,122,-13560090.7,INSURANCE_OUT
D08,123,-13514739.23,INSURANCE_OUT
D08,124,-13469387.76,INSURANCE_OUT
D08,125,-13424036.28,INSURANCE_OUT
D08,126,-13378684.81,INSURANCE_OUT
D08,127,-13333333.33,INSURANCE_OUT
D08,128,-13287981.86,INSURANCE_OUT
D08,129,-13242630.39,INSURANCE_OUT
D08,130,-13197278.91,INSURANCE_OUT
D08,131,-13151927.44,INSURANCE_OUT
D08,132,-13106575.96,INSURANCE_OUT
D08,133,-13061224.49,INSURANCE_OUT
D08,134,-13015873.02,INSURANCE_OUT
D08,135,-12970521.54,INSURANCE_OUT
D08,136,-12925170.07,INSURANCE_OUT
D08,137,-12879818.59,INSURANCE_OUT
D08,138,-12834467.12,INSURANCE_OUT
D08,139,-12789115.65,INSURANCE_OUT
D08,140,-12743764.17,INSURANCE_OUT
D08,141,-12698412.7,INSURANCE_OUT
D08,142,-12653061.22,INSURANCE_OUT
D08,143,-12607709.75,INSURANCE_OUT
D08,144,-12562358.28,INSURANCE_OUT
D08,145,-12517006.8,INSURANCE_OUT
D08,146,-12471655.33,INSURANCE_OUT
D08,147,-12426303.85,INSURANCE_OUT
D08,148,-12380952.38,INSURANCE_OUT
D08,149,-12335600.91,INSURANCE_OUT
D08,150,-12290249.43,INSURANCE_OUT
D08,151,-12244897.96,INSURANCE_OUT
D08,152,-12199546.49,INSURANCE_OUT
D08,153,-12154195.01,INSURANCE_OUT
D08,154,-12108843.54,INSURANCE_OUT
D08,155,-12063492.06,INSURANCE_OUT
D08,156,-12018140.59,INSURANCE_OUT
D08,157,-11972789.12,INSURANCE_OUT
D08,158,-11927437.64,INSURANCE_OUT
D08,159,-11882086.17,INSURANCE_OUT
D08,160,-11836734.69,INSURANCE_OUT
D08,161,-11791383.22,INSURANCE_OUT
D08,162,-11746031.75,INSURANCE_OUT
D08,163,-11700680.27,INSURANCE_OUT
D08,164,-11655328.8,INSURANCE_OUT
D08,165,-11609977.32,INSURANCE_OUT
D08,166,-11564625.85,INSURANCE_OUT
D08,167,-11519274.38,INSURANCE_OUT
D08,168,-11473922.9,INSURANCE_OUT
D08,169,-11428571.43,INSURANCE_OUT
D08,170,-11383219.95,INSURANCE_OUT
D08,171,-11337868.48,INSURANCE_OUT
D08,172,-11292517.01,INSURANCE_OUT
D08,173,-11247165.53,INSURANCE_OUT
D08,174,-11201814.06,INSURANCE_OUT
D08,175,-11156462.59,INSURANCE_OUT
D08,176,-11111111.11,INSURANCE_OUT
D08,177,-11065759.64,INSURANCE_OUT
D08,178,-11020408.16,INSURANCE_OUT
D08,179,-10975056.69,INSURANCE_OUT
D08,180,-10929705.22,INSURANCE_OUT
D08,181,-10884353.74,INSURANCE_OUT
D08,182,-10839002.27,INSURANCE_OUT
D08,183,-10793650.79,INSURANCE_OUT
D08,184,-10748299.32,INSURANCE_OUT
D08,185,-10702947.85,INSURANCE_OUT
D08,186,-10657596.37,INSURANCE_OUT
D08,187,-10612244.9,INSURANCE_OUT
D08,188,-10566893.42,INSURANCE_OUT
D08,189,-10521541.95,INSURANCE_OUT
D08,190,-10476190.48,INSURANCE_OUT
D08,191,-10430839.0,INSURANCE_OUT
D08,192,-10385487.53,INSURANCE_OUT
D08,193,-10340136.05,INSURANCE_OUT
D08,194,-10294784.58,INSURANCE_OUT
D08,195,-10249433.11,INSURANCE_OUT
D08,196,-10204081.63,INSURANCE_OUT
D08,197,-10158730.16,INSURANCE_OUT
D08,198,-10113378.68,INSURANCE_OUT
D08,199,-10068027.21,INSURANCE_OUT
D08,200,-10022675.74,INSURANCE_OUT
D08,201,-9977324.26,INSURANCE_OUT
D08,202,-9931972.79,INSURANCE_OUT
D08,203,-9886621.32,INSURANCE_OUT
D08,204,-9841269.84,INSURANCE_OUT
D08,205,-9795918.37,INSURANCE_OUT
D08,206,-9750566.89,INSURANCE_OUT
D08,207,-9705215.42,INSURANCE_OUT
D08,208,-9659863.95,INSURANCE_OUT
D08,209,-9614512.47,INSURANCE_OUT
D08,210,-9569161.0,INSURANCE_OUT
D08,211,-9523809.52,INSURANCE_OUT
D08,212,-9478458.05,INSURANCE_OUT
D08,213,-9433106.58,INSURANCE_OUT
D08,214,-9387755.1,INSURANCE_OUT
D08,215,-9342403.63,INSURANCE_OUT
D08,216,-9297052.15,INSURANCE_OUT
D08,217,-9251700.68,INSURANCE_OUT
D08,218,-9206349.21,INSURANCE_OUT
D08,219,-9160997.73,INSURANCE_OUT
D08,220,-9115646.26,INSURANCE_OUT
D08,221,-9070294.78,INSURANCE_OUT
D08,222,-9024943.31,INSURANCE_OUT
D08,223,-8979591.84,INSURANCE_OUT
D08,224,-8934240.36,INSURANCE_OUT
D08,225,-8888888.89,INSURANCE_OUT
D08,226,-8843537.41,INSURANCE_OUT
D08,227,-8798185.94,INSURANCE_OUT
D08,228,-8752834.47,INSURANCE_OUT
D08,229,-8707482.99,INSURANCE_OUT
D08,230,-8662131.52,INSURANCE_OUT
D08,231,-8616780.05,INSURANCE_OUT
D08,232,-8571428.57,INSURANCE_OUT
D08,233,-8526077.1,INSURANCE_OUT
D08,234,-8480725.62,INSURANCE_OUT
D08,235,-8435374.15,INSURANCE_OUT
D08,236,-8390022.68,INSURANCE_OUT
D08,237,-8344671.2,INSURANCE_OUT
D08,238,-8299319.73,INSURANCE_OUT
D08,239,-8253968.25,INSURANCE_OUT
D08,240,-8208616.78,INSURANCE_OUT
D08,241,-8163265.31,INSURANCE_OUT
D08,242,-8117913.83,INSURANCE_OUT
D08,243,-8072562.36,INSURANCE_OUT
D08,244,-8027210.88,INSURANCE_OUT
D08,245,-7981859.41,INSURANCE_OUT
D08,246,-7936507.94,INSURANCE_OUT
D08,247,-7891156.46,INSURANCE_OUT
D08,248,-7845804.99,INSURANCE_OUT
D08,249,-7800453.51,INSURANCE_OUT
D08,250,-7755102.04,INSURANCE_OUT
D08,251,-7709750.57,INSURANCE_OUT
D08,252,-7664399.09,INSURANCE_OUT
D08,253,-7619047.62,INSURANCE_OUT
D08,254,-7573696.15,INSURANCE_OUT
D08,255,-7528344.67,INSURANCE_OUT
D08,256,-7482993.2,INSURANCE_OUT
D08,257,-7437641.72,INSURANCE_OUT
D08,258,-7392290.25,INSURANCE_OUT
D08,259,-7346938.78,INSURANCE_OUT
D08,260,-7301587.3,INSURANCE_OUT
D08,261,-7256235.83,INSURANCE_OUT
D08,262,-7210884.35,INSURANCE_OUT
D08,263,-7165532.88,INSURANCE_OUT
D08,264,-7120181.41,INSURANCE_OUT
D08,265,-7074829.93,INSURANCE_OUT
D08,266,-7029478.46,INSURANCE_OUT
D08,267,-6984126.98,INSURANCE_OUT
D08,268,-6938775.51,INSURANCE_OUT
D08,269,-6893424.04,INSURANCE_OUT
D08,270,-6848072.56,INSURANCE_OUT
D08,271,-6802721.09,INSURANCE_OUT
D08,272,-6757369.61,INSURANCE_OUT
D08,273,-6712018.14,INSURANCE_OUT
D08,274,-6666666.67,INSURANCE_OUT
D08,275,-6621315.19,INSURANCE_OUT
D08,276,-6575963.72,INSURANCE_OUT
D08,277,-6530612.24,INSURANCE_OUT
D08,278,-6485260.77,INSURANCE_OUT
D08,279,-6439909.3,INSURANCE_OUT
D08,280,-6394557.82,INSURANCE_OUT
D08,281,-6349206.35,INSURANCE_OUT
D08,282,-6303854.88,INSURANCE_OUT
D08,283,-6258503.4,INSURANCE_OUT
D08,284,-6213151.93,INSURANCE_OUT
D08,285,-6167800.45,INSURANCE_OUT
D08,286,-6122448.98,INSURANCE_OUT
D08,287,-6077097.51,INSURANCE_OUT
D08,288,-6031746.03,INSURANCE_OUT
D08,289,-5986394.56,INSURANCE_OUT
D08,290,-5941043.08,INSURANCE_OUT
D08,291,-5895691.61,INSURANCE_OUT
D08,292,-5850340.14,INSURANCE_OUT
D08,293,-5804988.66,INSURANCE_OUT
D08,294,-5759637.19,INSURANCE_OUT
D08,295,-5714285.71,INSURANCE_OUT
D08,296,-5668934.24,INSURANCE_OUT
D08,297,-5623582.77,INSURANCE_OUT
D08,298,-5578231.29,INSURANCE_OUT
D08,299,-5532879.82,INSURANCE_OUT
D08,300,-5487528.34,INSURANCE_OUT
D08,301,-5442176.87,INSURANCE_OUT
D08,302,-5396825.4,INSURANCE_OUT
D08,303,-5351473.92,INSURANCE_OUT
D08,304,-5306122.45,INSURANCE_OUT
D08,305,-5260770.98,INSURANCE_OUT
D08,306,-5215419.5,INSURANCE_OUT
D08,307,-5170068.03,INSURANCE_OUT
D08,308,-5124716.55,INSURANCE_OUT
D08,309,-5079365.08,INSURANCE_OUT
D08,310,-5034013.61,INSURANCE_OUT
D08,311,-4988662.13,INSURANCE_OUT
D08,312,-4943310.66,INSURANCE_OUT
D08,313,-4897959.18,INSURANCE_OUT
D08,314,-4852607.71,INSURANCE_OUT
D08,315,-4807256.24,INSURANCE_OUT
D08,316,-4761904.76,INSURANCE_OUT
D08,317,-4716553.29,INSURANCE_OUT
D08,318,-4671201.81,INSURANCE_OUT
D08,319,-4625850.34,INSURANCE_OUT
D08,320,-4580498.87,INSURANCE_OUT
D08,321,-4535147.39,INSURANCE_OUT
D08,322,-4489795.92,INSURANCE_OUT
D08,323,-4444444.44,INSURANCE_OUT
D08,324,-4399092.97,INSURANCE_OUT
D08,325,-4353741.5,INSURANCE_OUT
D08,326,-4308390.02,INSURANCE_OUT
D08,327,-4263038.55,INSURANCE_OUT
D08,328,-4217687.07,INSURANCE_OUT
D08,329,-4172335.6,INSURANCE_OUT
D08,330,-4126984.13,INSURANCE_OUT
D08,331,-4081632.65,INSURANCE_OUT
D08,332,-4036281.18,INSURANCE_OUT
D08,333,-3990929.71,INSURANCE_OUT
D08,334,-3945578.23,INSURANCE_OUT
D08,335,-3900226.76,INSURANCE_OUT
D08,336,-3854875.28,INSURANCE_OUT
D08,337,-3809523.81,INSURANCE_OUT
D08,338,-3764172.34,INSURANCE_OUT
D08,339,-3718820.86,INSURANCE_OUT
D08,340,-3673469.39,INSURANCE_OUT
D08,341,-3628117.91,INSURANCE_OUT
D08,342,-3582766.44,INSURANCE_OUT
D08,343,-3537414.97,INSURANCE_OUT
D08,344,-3492063.49,INSURANCE_OUT
D08,345,-3446712.02,INSURANCE_OUT
D08,346,-3401360.54,INSURANCE_OUT
D08,347,-3356009.07,INSURANCE_OUT
D08,348,-3310657.6,INSURANCE_OUT
D08,349,-3265306.12,INSURANCE_OUT
D08,350,-3219954.65,INSURANCE_OUT
D08,351,-3174603.17,INSURANCE_OUT
D08,352,-3129251.7,INSURANCE_OUT
D08,353,-3083900.23,INSURANCE_OUT
D08,354,-3038548.75,INSURANCE_OUT
D08,355,-2993197.28,INSURANCE_OUT
D08,356,-2947845.8,INSURANCE_OUT
D08,357,-2902494.33,INSURANCE_OUT
D08,358,-2857142.86,INSURANCE_OUT
D08,359,-2811791.38,INSURANCE_OUT
D08,360,-2766439.91,INSURANCE_OUT
D08,361,-2721088.44,INSURANCE_OUT
D08,362,-2675736.96,INSURANCE_OUT
D08,363,-2630385.49,INSURANCE_OUT
D08,364,-2585034.01,INSURANCE_OUT
D08,365,-2539682.54,INSURANCE_OUT
D08,366,-2494331.07,INSURANCE_OUT
D08,367,-2448979.59,INSURANCE_OUT
D08,368,-2403628.12,INSURANCE_OUT
D08,369,-2358276.64,INSURANCE_OUT
D08,370,-2312925.17,INSURANCE_OUT
D08,371,-2267573.7,INSURANCE_OUT
D08,372,-2222222.22,INSURANCE_OUT
D08,373,-2176870.75,INSURANCE_OUT
D08,374,-2131519.27,INSURANCE_OUT
D08,375,-2086167.8,INSURANCE_OUT
D08,376,-2040816.33,INSURANCE_OUT
D08,377,-1995464.85,INSURANCE_OUT
D08,378,-1950113.38,INSURANCE_OUT
D08,379,-1904761.9,INSURANCE_OUT
D08,380,-1859410.43,INSURANCE_OUT
D08,381,-1814058.96,INSURANCE_OUT
D08,382,-1768707.48,INSURANCE_OUT
D08,383,-1723356.01,INSURANCE_OUT
D08,384,-1678004.54,INSURANCE_OUT
D08,385,-1632653.06,INSURANCE_OUT
D08,386,-1587301.59,INSURANCE_OUT
D08,387,-1541950.11,INSURANCE_OUT
D08,388,-1496598.64,INSURANCE_OUT
D08,389,-1451247.17,INSURANCE_OUT
D08,390,-1405895.69,INSURANCE_OUT
D08,391,-1360544.22,INSURANCE_OUT
D08,392,-1315192.74,INSURANCE_OUT
D08,393,-1269841.27,INSURANCE_OUT
D08,394,-1224489.8,INSURANCE_OUT
D08,395,-1179138.32,INSURANCE_OUT
D08,396,-1133786.85,INSURANCE_OUT
D08,397,-1088435.37,INSURANCE_OUT
D08,398,-1043083.9,INSURANCE_OUT
D08,399,-997732.43,INSURANCE_OUT
D08,400,-952380.95,INSURANCE_OUT
D08,401,-907029.48,INSURANCE_OUT
D08,402,-861678.0,INSURANCE_OUT
D08,403,-816326.53,INSURANCE_OUT
D08,404,-770975.06,INSURANCE_OUT
D08,405,-725623.58,INSURANCE_OUT
D08,406,-680272.11,INSURANCE_OUT
D08,407,-634920.63,INSURANCE_OUT
D08,408,-589569.16,INSURANCE_OUT
D08,409,-544217.69,INSURANCE_OUT
D08,410,-498866.21,INSURANCE_OUT
D08,411,-453514.74,INSURANCE_OUT
D08,412,-408163.27,INSURANCE_OUT
D08,413,-362811.79,INSURANCE_OUT
D08,414,-317460.32,INSURANCE_OUT
D08,415,-272108.84,INSURANCE_OUT
D08,416,-226757.37,INSURANCE_OUT
D08,417,-181405.9,INSURANCE_OUT
D08,418,-136054.42,INSURANCE_OUT
D08,419,-90702.95,INSURANCE_OUT
D08,420,-45351.47,INSURANCE_OUT
D09,6,24000000.0,ASSET_IN
D09,12,24000000.0,ASSET_IN
D09,18,24000000.0,ASSET_IN
D09,24,24000000.0,ASSET_IN
D09,30,24000000.0,ASSET_IN
D09,36,24000000.0,ASSET_IN
D09,42,24000000.0,ASSET_IN
D09,48,24000000.0,ASSET_IN
D09,54,24000000.0,ASSET_IN
D09,60,24000000.0,ASSET_IN
D09,66,24000000.0,ASSET_IN
D09,72,24000000.0,ASSET_IN
D09,78,24000000.0,ASSET_IN
D09,84,24000000.0,ASSET_IN
D09,90,24000000.0,ASSET_IN
D09,96,24000000.0,ASSET_IN
D09,102,24000000.0,ASSET_IN
D09,108,24000000.0,ASSET_IN
D09,114,24000000.0,ASSET_IN
D09,120,24000000.0,ASSET_IN
D09,126,24000000.0,ASSET_IN
D09,132,24000000.0,ASSET_IN
D09,138,24000000.0,ASSET_IN
D09,144,24000000.0,ASSET_IN
D09,150,24000000.0,ASSET_IN
D09,156,24000000.0,ASSET_IN
D09,162,24000000.0,ASSET_IN
D09,168,24000000.0,ASSET_IN
D09,174,24000000.0,ASSET_IN
D09,180,24000000.0,ASSET_IN
D09,186,24000000.0,ASSET_IN
D09,192,24000000.0,ASSET_IN
D09,198,24000000.0,ASSET_IN
D09,204,24000000.0,ASSET_IN
D09,210,24000000.0,ASSET_IN
D09,216,1224000000.0,ASSET_IN
D18,6,58800000.0,ASSET_IN
D18,12,58800000.0,ASSET_IN
D18,18,58800000.0,ASSET_IN
D18,24,58800000.0,ASSET_IN
D18,30,58800000.0,ASSET_IN
D18,36,58800000.0,ASSET_IN
D18,42,58800000.0,ASSET_IN
D18,48,58800000.0,ASSET_IN
D18,54,58800000.0,ASSET_IN
D18,60,58800000.0,ASSET_IN
D18,66,58800000.0,ASSET_IN
D18,72,58800000.0,ASSET_IN
D18,78,58800000.0,ASSET_IN
D18,84,58800000.0,ASSET_IN
D18,90,58800000.0,ASSET_IN
D18,96,58800000.0,ASSET_IN
D18,102,58800000.0,ASSET_IN
D18,108,58800000.0,ASSET_IN
D18,114,58800000.0,ASSET_IN
D18,120,58800000.0,ASSET_IN
D18,126,58800000.0,ASSET_IN
D18,132,58800000.0,ASSET_IN
D18,138,58800000.0,ASSET_IN
D18,144,58800000.0,ASSET_IN
D18,150,58800000.0,ASSET_IN
D18,156,58800000.0,ASSET_IN
D18,162,58800000.0,ASSET_IN
D18,168,58800000.0,ASSET_IN
D18,174,58800000.0,ASSET_IN
D18,180,58800000.0,ASSET_IN
D18,186,58800000.0,ASSET_IN
D18,192,58800000.0,ASSET_IN
D18,198,58800000.0,ASSET_IN
D18,204,58800000.0,ASSET_IN
D18,210,58800000.0,ASSET_IN
D18,216,58800000.0,ASSET_IN
D18,222,58800000.0,ASSET_IN
D18,228,58800000.0,ASSET_IN
D18,234,58800000.0,ASSET_IN
D18,240,58800000.0,ASSET_IN
D18,246,58800000.0,ASSET_IN
D18,252,58800000.0,ASSET_IN
D18,258,58800000.0,ASSET_IN
D18,264,58800000.0,ASSET_IN
D18,270,58800000.0,ASSET_IN
D18,276,58800000.0,ASSET_IN
D18,282,58800000.0,ASSET_IN
D18,288,58800000.0,ASSET_IN
D18,294,58800000.0,ASSET_IN
D18,300,58800000.0,ASSET_IN
D18,306,58800000.0,ASSET_IN
D18,312,58800000.0,ASSET_IN
D18,318,58800000.0,ASSET_IN
D18,324,58800000.0,ASSET_IN
D18,330,58800000.0,ASSET_IN
D18,336,58800000.0,ASSET_IN
D18,342,58800000.0,ASSET_IN
D18,348,58800000.0,ASSET_IN
D18,354,58800000.0,ASSET_IN
D18,360,58800000.0,ASSET_IN
D18,366,58800000.0,ASSET_IN
D18,372,58800000.0,ASSET_IN
D18,378,58800000.0,ASSET_IN
D18,384,58800000.0,ASSET_IN
D18,390,58800000.0,ASSET_IN
D18,396,58800000.0,ASSET_IN
D18,402,58800000.0,ASSET_IN
D18,408,58800000.0,ASSET_IN
D18,414,58800000.0,ASSET_IN
D18,420,2858800000.0,ASSET_IN
D14,6,11250000.0,ASSET_IN
D14,12,11250000.0,ASSET_IN
D14,18,11250000.0,ASSET_IN
D14,24,11250000.0,ASSET_IN
D14,30,11250000.0,ASSET_IN
D14,36,11250000.0,ASSET_IN
D14,42,11250000.0,ASSET_IN
D14,48,11250000.0,ASSET_IN
D14,54,11250000.0,ASSET_IN
D14,60,511250000.0,ASSET_IN
D17,1,300000000.0,REPO_IN
D17,1,-301125000.0,REPO_OUT
